source,Habitat,Meand13C,SDd13C,Meand15N,SDd15N,Concd13C,Concd15N,n
alphworm,coral,-10.95171989,1.487535066,6.390126066,0.878745062,30.607,9.463,30
brittlestar,coral,-6.581597717,2.432542871,6.95022952,1.331833925,22.44,3.66,6
clam,coral,-12.56243131,3.071306943,5.268817521,0.321057971,32.6625,7.69875,8
crab,coral,-11.47455729,2.424983159,3.901679786,1.024719508,24.808,6.697666667,30
fish,coral,-13.66143786,0.84368946,8.562988556,1.042557618,37.015,10.5325,8
snail,coral,-11.18088193,3.122916638,4.441705609,0.831061714,16.7275,8.82375,32
